rank,event,strength_rank,strength_kg,endurance_rank,endurance_km,metcon_rank,metcon_time,points
1,Marseille,7,291,7,4.513,2,9:30,16
2,Paris,10,286,1,4.875,6,10:09,17
3,Marseille,8,288,7,4.513,5,10:02,20
4,Marseille,14,275,13,4.455,4,9:58,31
5,Marseille,17,260,15,4.431,1,9:13,33
6,Paris,20,255,2,4.592,12,10:46,34
7,Marseille,27,246,9,4.508,3,9:51,39
8,Marseille,25,248,6,4.514,15,10:59,46
11,Paris,4,298,47,3.944,9,10:32,60
12,Paris,27,246,10,4.504,24,11:23,61
13,Marseille,16,263,25,4.22,22,11:20,63
14,Paris,19,256,26,4.206,20,11:12,65
14,Paris,6,293,46,3.952,13,10:48,65
16,Marseille,5,297,36,4.112,27,11:34,68
17,Paris,17,260,14,4.448,40,12:19,71
21,Marseille,3,300,88,3.682,11,10:45,102
22,Marseille,40,237,29,4.173,35,12:11,104
23,Paris,29,245,28,4.183,51,13:00,108
24,Paris,9,287,92,3.623,8,10:13,109
25,Paris,47,229,22,4.256,41,12:23,110
25,Marseille,55,224,23,4.243,32,12:00,110
27,Paris,36,239,63,3.855,16,11:03,115
31,Marseille,86,189,18,4.365,21,11:15,125
32,Marseille,31,244,79,3.761,19,11:10,129
33,Marseille,1,326,76,3.763,53,13:07,130
34,Paris,37,238,62,3.865,31,11:50,130
35,Marseille,32,243,55,3.905,44,12:37,131
36,Paris,100,170,17,4.37,18,11:06,135
36,Paris,22,253,65,3.829,48,12:56,135
71,Marseille,65,209,68,3.776,63,13:49,196
72,Paris,63,211,61,3.877,73,14:25,197
73,Marseille,78,192,66,3.819,54,13:10,198
74,Marseille,109,162,12,4.497,80,14:40,201
75,Paris,87,188,35,4.113,82,15:19,204
76,Paris,106,164,38,4.092,67,14:05,211
76,Marseille,63,211,77,3.762,71,14:17,211
111,Paris,89,183,111,3.12,112,22:16,312
112,Paris,111,160,99,3.453,108,19:43,318
113,Paris,95,175,114,3.014,111,22:03,320
114,Paris,108,163,113,3.084,107,19:38,328
115,Paris,113,135,108,3.19,114,23:55,335
